,,,,,,,,,,,CASE DIMENSIONS,,,,,
CLASS,ITEM NUMBER,,,DESCRIPTION,SIZE OF SHEET (Inches),SIZE OF LABELS (Inches),LABELS/SHEET,SHEETS/PACK,LABEL SHAPE,COLOR,LENGTH,WIDTH,DEPTH,WEIGHT,UNIT OF MEASURE,COST
LA,HLL-100,High Speed White Laser Labels,Sheets,High Speed White Laser Labels on a Sheet,8-1/2 x 11,1 x 1,80,250,Quadrilateral,White,,,,,Pack,#N/A
LA,HLL-106,High Speed White Laser Labels,Sheets,High Speed White Laser Labels on a Sheet,8-1/2 x 11,1-3/4 x 1/2,80,250,Quadrilateral,White,,,,,Pack,#N/A
LA,HLL-108,High Speed White Laser Labels,Sheets,High Speed White Laser Labels on a Sheet,8-1/2 x 11,1-3/4 x 2/3,60,250,Quadrilateral,White,,,,,Pack,#N/A
LA,HLL-110,High Speed White Laser Labels,Sheets,High Speed White Laser Labels on a Sheet,8-1/2 x 11,1-1/2 x 1,50,250,Quadrilateral,White,,,,,Pack,#N/A
LA,HLL-112,High Speed White Laser Labels,Sheets,High Speed White Laser Labels on a Sheet,8-1/2 x 11,1-1/2 x 4-3/4,10,250,Quadrilateral,White,,,,,Pack,#N/A
LA,HLL-118,High Speed White Laser Labels,Sheets,High Speed White Laser Labels on a Sheet,8-1/2 x 11,2 x 1-1/4 ,32,250,Quadrilateral,White,,,,,Pack,#N/A
LA,HLL-120,High Speed White Laser Labels,Sheets,High Speed White Laser Labels on a Sheet,8-1/2 x 11,2-5/8 x 1,30,250,Quadrilateral,White,,,,,Pack,22.71
LA,HLL-123,High Speed White Laser Labels,Sheets,High Speed White Laser Labels on a Sheet,8-1/2 x 11,2-5/6 x 1,33,250,Quadrilateral,White,,,,,Pack,#N/A
LA,HLL-125,High Speed White Laser Labels,Sheets,High Speed White Laser Labels on a Sheet,8-1/2 x 11,2-5/6 x 1-3/8,24,250,Quadrilateral,White,,,,,Pack,#N/A
LA,HLL-140,High Speed White Laser Labels,Sheets,High Speed White Laser Labels on a Sheet,8-1/2 x 11,2-5/6 x 1-1/2,21,250,Quadrilateral,White,,,,,Pack,#N/A
LA,HLL-142,High Speed White Laser Labels,Sheets,High Speed White Laser Labels on a Sheet,8-1/2 x 11,3-3/8 x 2-1/3,8,250,Quadrilateral,White,,,,,Pack,#N/A
LA,HLL-144,High Speed White Laser Labels,Sheets,High Speed White Laser Labels on a Sheet,8-1/2 x 11,3-1/2 x 2,10,250,Quadrilateral,White,,,,,Pack,#N/A
LA,HLL-145,High Speed White Laser Labels,Sheets,High Speed White Laser Labels on a Sheet,8-1/2 x 11,2-3/4 x 2-1/2,12,250,Quadrilateral,White,,,,,Pack,#N/A
LA,HLL-146,High Speed White Laser Labels,Sheets,High Speed White Laser Labels on a Sheet,8-1/2 x 11,3-7/16 x 2/3,30,250,Quadrilateral,White,,,,,Pack,#N/A
LA,HLL-150,High Speed White Laser Labels,Sheets,High Speed White Laser Labels on a Sheet,8-1/2 x 11,4 x 1,20,250,Quadrilateral,White,,,,,Pack,#N/A
LA,HLL-155,High Speed White Laser Labels,Sheets,High Speed White Laser Labels on a Sheet,8-1/2 x 11,4 x 1-1/3,14,250,Quadrilateral,White,,,,,Pack,#N/A
LA,HLL-160,High Speed White Laser Labels,Sheets,High Speed White Laser Labels on a Sheet,8-1/2 x 11,4 x 1-1/2,12,250,Quadrilateral,White,,,,,Pack,#N/A
LA,HLL-162,High Speed White Laser Labels,Sheets,High Speed White Laser Labels on a Sheet,8-1/2 x 11,4-1/4 x 2,10,250,Quadrilateral,White,,,,,Pack,#N/A
LA,HLL-165,High Speed White Laser Labels,Sheets,High Speed White Laser Labels on a Sheet,8-1/2 x 11,4 x 2,10,250,Quadrilateral,White,,,,,Pack,#N/A
LA,HLL-166,High Speed White Laser Labels,Sheets,High Speed White Laser Labels on a Sheet,8-1/2 x 11,4-1/4 x 2-3/4,8,250,Quadrilateral,White,,,,,Pack,#N/A
LA,HLL-167,High Speed White Laser Labels,Sheets,High Speed White Laser Labels on a Sheet,8-1/2 x 11,4-1/4 x 5-1/2,4,250,Quadrilateral,White,,,,,Pack,13.50
LA,HLL-168,High Speed White Laser Labels,Sheets,High Speed White Laser Labels on a Sheet,8-1/2 x 11,4 x 3-1/3,6,250,Quadrilateral,White,,,,,Pack,#N/A
LA,HLL-170,High Speed White Laser Labels,Sheets,High Speed White Laser Labels on a Sheet,8-1/2 x 11,4-1/4 x 3-1/3,6,250,Quadrilateral,White,,,,,Pack,#N/A
LA,HLL-175,High Speed White Laser Labels,Sheets,High Speed White Laser Labels on a Sheet,8-1/2 x 11,4 x 5,4,250,Quadrilateral,White,,,,,Pack,15.25
LA,HLL-180,High Speed White Laser Labels,Sheets,High Speed White Laser Labels on a Sheet,8-1/2 x 11,8 x 3-1/2,3,250,Quadrilateral,White,,,,,Pack,#N/A
LA,HLL-185,High Speed White Laser Labels,Sheets,High Speed White Laser Labels on a Sheet,8-1/2 x 11,8-1/2 x 5-1/2,2,250,Quadrilateral,White,,,,,Pack,22.02
LA,HLL-190,High Speed White Laser Labels,Sheets,High Speed White Laser Labels on a Sheet,8-1/2 x 11,8-1/2 x 11,1,250,Quadrilateral,White,,,,,Pack,#N/A
LA,HLL-300,High Speed White Laser Labels,Sheets,High Speed White Laser Labels on a Sheet,8-1/2 x 14,4 x 6,4,250,Quadrilateral,White,,,,,Pack,23.13
LA,HLL-301,High Speed White Laser Labels,Sheets,High Speed White Laser Labels on a Sheet,8-1/2 x 14,4-1/4 x 7,4,250,Quadrilateral,White,,,,,Pack,#N/A
LA,HLL-303,High Speed White Laser Labels,Sheets,High Speed White Laser Labels on a Sheet,8-1/2 x 14,4-1/4 x 13,2,250,Quadrilateral,White,,,,,Pack,#N/A
LA,HLL-400,High Speed White Circle Labels,Sheets,High Speed White Circle Labels on a Sheet,8-1/2 x 11,1/2,154,100,Circle,White,,,,,Pack,#N/A
LA,HLL-405,High Speed White Circle Labels,Sheets,High Speed White Circle Labels on a Sheet,8-1/2 x 11,3/4,108,100,Circle,White,,,,,Pack,#N/A
LA,HLL-410,High Speed White Circle Labels,Sheets,High Speed White Circle Labels on a Sheet,8-1/2 x 11,1,63,100,Circle,White,,,,,Pack,#N/A
LA,HLL-415,High Speed White Circle Labels,Sheets,High Speed White Circle Labels on a Sheet,8-1/2 x 11,1-1/2,30,100,Circle,White,,,,,Pack,#N/A
LA,HLL-418,High Speed White Circle Labels,Sheets,High Speed White Circle Labels on a Sheet,8-1/2 x 11,1-5/8,24,100,Circle,White,,,,,Pack,#N/A
LA,HLL-420,High Speed White Circle Labels,Sheets,High Speed White Circle Labels on a Sheet,8-1/2 x 11,1-2/3,24,100,Circle,White,,,,,Pack,#N/A
LA,HLL-425,High Speed White Circle Labels,Sheets,High Speed White Circle Labels on a Sheet,8-1/2 x 11,2,20,100,Circle,White,,,,,Pack,#N/A
LA,HLL-430,High Speed White Circle Labels,Sheets,High Speed White Circle Labels on a Sheet,8-1/2 x 11,2-1/2,12,100,Circle,White,,,,,Pack,#N/A
LA,HLL-435,High Speed White Circle Labels,Sheets,High Speed White Circle Labels on a Sheet,8-1/2 x 11,3,6,100,Circle,White,,,,,Pack,#N/A
LA,HLL-438,High Speed White Circle Labels,Sheets,High Speed White Circle Labels on a Sheet,8-1/2 x 11,3-1/3,6,100,Circle,White,,,,,Pack,#N/A
LA,HLL-440-BLU,High Speed Fluorescent Colored Circle Labels,Sheets,High Speed Fluorescent Colored Circle Labels on a Sheet,8-1/2 x 11,3/4,108,100,Circle,Fluorescent Blue,,,,,Pack,#N/A
LA,HLL-440-GRN,High Speed Fluorescent Colored Circle Labels,Sheets,High Speed Fluorescent Colored Circle Labels on a Sheet,8-1/2 x 11,3/4,108,100,Circle,Fluorescent Green,,,,,Pack,#N/A
LA,HLL-440-ORG,High Speed Fluorescent Colored Circle Labels,Sheets,High Speed Fluorescent Colored Circle Labels on a Sheet,8-1/2 x 11,3/4,108,100,Circle,Fluorescent Orange,,,,,Pack,#N/A
LA,HLL-440-PNK,High Speed Fluorescent Colored Circle Labels,Sheets,High Speed Fluorescent Colored Circle Labels on a Sheet,8-1/2 x 11,3/4,108,100,Circle,Fluorescent Pink,,,,,Pack,#N/A
LA,HLL-440-RED,High Speed Fluorescent Colored Circle Labels,Sheets,High Speed Fluorescent Colored Circle Labels on a Sheet,8-1/2 x 11,3/4,108,100,Circle,Fluorescent Red,,,,,Pack,#N/A
LA,HLL-440-YEL,High Speed Fluorescent Colored Circle Labels,Sheets,High Speed Fluorescent Colored Circle Labels on a Sheet,8-1/2 x 11,3/4,108,100,Circle,Fluorescent Yellow,,,,,Pack,#N/A
LA,HLL-445-BLU,High Speed Fluorescent Colored Circle Labels,Sheets,High Speed Fluorescent Colored Circle Labels on a Sheet,8-1/2 x 11,1,63,100,Circle,Fluorescent Blue,,,,,Pack,#N/A
LA,HLL-445-GRN,High Speed Fluorescent Colored Circle Labels,Sheets,High Speed Fluorescent Colored Circle Labels on a Sheet,8-1/2 x 11,1,63,100,Circle,Fluorescent Green,,,,,Pack,#N/A
LA,HLL-445-ORG,High Speed Fluorescent Colored Circle Labels,Sheets,High Speed Fluorescent Colored Circle Labels on a Sheet,8-1/2 x 11,1,63,100,Circle,Fluorescent Orange,,,,,Pack,#N/A
LA,HLL-445-PNK,High Speed Fluorescent Colored Circle Labels,Sheets,High Speed Fluorescent Colored Circle Labels on a Sheet,8-1/2 x 11,1,63,100,Circle,Fluorescent Pink,,,,,Pack,#N/A
LA,HLL-445-RED,High Speed Fluorescent Colored Circle Labels,Sheets,High Speed Fluorescent Colored Circle Labels on a Sheet,8-1/2 x 11,1,63,100,Circle,Fluorescent Red,,,,,Pack,#N/A
LA,HLL-445-YEL,High Speed Fluorescent Colored Circle Labels,Sheets,High Speed Fluorescent Colored Circle Labels on a Sheet,8-1/2 x 11,1,63,100,Circle,Fluorescent Yellow,,,,,Pack,#N/A
LA,HLL-450-BLU,High Speed Fluorescent Colored Circle Labels,Sheets,High Speed Fluorescent Colored Circle Labels on a Sheet,8-1/2 x 11,1-1/2,30,100,Circle,Fluorescent Blue,,,,,Pack,#N/A
LA,HLL-450-GRN,High Speed Fluorescent Colored Circle Labels,Sheets,High Speed Fluorescent Colored Circle Labels on a Sheet,8-1/2 x 11,1-1/2,30,100,Circle,Fluorescent Green,,,,,Pack,#N/A
LA,HLL-450-ORG,High Speed Fluorescent Colored Circle Labels,Sheets,High Speed Fluorescent Colored Circle Labels on a Sheet,8-1/2 x 11,1-1/2,30,100,Circle,Fluorescent Orange,,,,,Pack,#N/A
LA,HLL-450-PNK,High Speed Fluorescent Colored Circle Labels,Sheets,High Speed Fluorescent Colored Circle Labels on a Sheet,8-1/2 x 11,1-1/2,30,100,Circle,Fluorescent Pink,,,,,Pack,#N/A
LA,HLL-450-RED,High Speed Fluorescent Colored Circle Labels,Sheets,High Speed Fluorescent Colored Circle Labels on a Sheet,8-1/2 x 11,1-1/2,30,100,Circle,Fluorescent Red,,,,,Pack,#N/A
LA,HLL-450-YEL,High Speed Fluorescent Colored Circle Labels,Sheets,High Speed Fluorescent Colored Circle Labels on a Sheet,8-1/2 x 11,1-1/2,30,100,Circle,Fluorescent Yellow,,,,,Pack,#N/A
LA,HLL-455-BLU,High Speed Fluorescent Colored Circle Labels,Sheets,High Speed Fluorescent Colored Circle Labels on a Sheet,8-1/2 x 11,1-2/3,24,100,Circle,Fluorescent Blue,,,,,Pack,#N/A
LA,HLL-455-GRN,High Speed Fluorescent Colored Circle Labels,Sheets,High Speed Fluorescent Colored Circle Labels on a Sheet,8-1/2 x 11,1-2/3,24,100,Circle,Fluorescent Green,,,,,Pack,#N/A
LA,HLL-455-ORG,High Speed Fluorescent Colored Circle Labels,Sheets,High Speed Fluorescent Colored Circle Labels on a Sheet,8-1/2 x 11,1-2/3,24,100,Circle,Fluorescent Orange,,,,,Pack,#N/A
LA,HLL-455-PNK,High Speed Fluorescent Colored Circle Labels,Sheets,High Speed Fluorescent Colored Circle Labels on a Sheet,8-1/2 x 11,1-2/3,24,100,Circle,Fluorescent Pink,,,,,Pack,#N/A
LA,HLL-455-RED,High Speed Fluorescent Colored Circle Labels,Sheets,High Speed Fluorescent Colored Circle Labels on a Sheet,8-1/2 x 11,1-2/3,24,100,Circle,Fluorescent Red,,,,,Pack,#N/A
LA,HLL-455-YEL,High Speed Fluorescent Colored Circle Labels,Sheets,High Speed Fluorescent Colored Circle Labels on a Sheet,8-1/2 x 11,1-2/3,24,100,Circle,Fluorescent Yellow,,,,,Pack,#N/A
LA,HLL-460-BLU,High Speed Fluorescent Colored Circle Labels,Sheets,High Speed Fluorescent Colored Circle Labels on a Sheet,8-1/2 x 11,2-1/2,12,100,Circle,Fluorescent Blue,,,,,Pack,#N/A
LA,HLL-460-GRN,High Speed Fluorescent Colored Circle Labels,Sheets,High Speed Fluorescent Colored Circle Labels on a Sheet,8-1/2 x 11,2-1/2,12,100,Circle,Fluorescent Green,,,,,Pack,#N/A
LA,HLL-460-ORG,High Speed Fluorescent Colored Circle Labels,Sheets,High Speed Fluorescent Colored Circle Labels on a Sheet,8-1/2 x 11,2-1/2,12,100,Circle,Fluorescent Orange,,,,,Pack,#N/A
LA,HLL-460-PNK,High Speed Fluorescent Colored Circle Labels,Sheets,High Speed Fluorescent Colored Circle Labels on a Sheet,8-1/2 x 11,2-1/2,12,100,Circle,Fluorescent Pink,,,,,Pack,#N/A
LA,HLL-460-RED,High Speed Fluorescent Colored Circle Labels,Sheets,High Speed Fluorescent Colored Circle Labels on a Sheet,8-1/2 x 11,2-1/2,12,100,Circle,Fluorescent Red,,,,,Pack,#N/A
LA,HLL-460-YEL,High Speed Fluorescent Colored Circle Labels,Sheets,High Speed Fluorescent Colored Circle Labels on a Sheet,8-1/2 x 11,2-1/2,12,100,Circle,Fluorescent Yellow,,,,,Pack,#N/A
LA,HLL-465-BLU,High Speed Fluorescent Colored Circle Labels,Sheets,High Speed Fluorescent Colored Circle Labels on a Sheet,8-1/2 x 11,3,6,100,Circle,Fluorescent Blue,,,,,Pack,#N/A
LA,HLL-465-GRN,High Speed Fluorescent Colored Circle Labels,Sheets,High Speed Fluorescent Colored Circle Labels on a Sheet,8-1/2 x 11,3,6,100,Circle,Fluorescent Green,,,,,Pack,#N/A
LA,HLL-465-ORG,High Speed Fluorescent Colored Circle Labels,Sheets,High Speed Fluorescent Colored Circle Labels on a Sheet,8-1/2 x 11,3,6,100,Circle,Fluorescent Orange,,,,,Pack,#N/A
LA,HLL-465-PNK,High Speed Fluorescent Colored Circle Labels,Sheets,High Speed Fluorescent Colored Circle Labels on a Sheet,8-1/2 x 11,3,6,100,Circle,Fluorescent Pink,,,,,Pack,#N/A
LA,HLL-465-RED,High Speed Fluorescent Colored Circle Labels,Sheets,High Speed Fluorescent Colored Circle Labels on a Sheet,8-1/2 x 11,3,6,100,Circle,Fluorescent Red,,,,,Pack,#N/A
LA,HLL-465-YEL,High Speed Fluorescent Colored Circle Labels,Sheets,High Speed Fluorescent Colored Circle Labels on a Sheet,8-1/2 x 11,3,6,100,Circle,Fluorescent Yellow,,,,,Pack,#N/A
LA,HLL-470-CLR,High Speed Clear Polyester Circle Labels,Sheets,High Speed Clear Polyester Circle Labels on a Sheet,8-1/2 x 11,1,63,100,Circle,Clear Polyester,,,,,Pack,#N/A
LA,HLL-475-CLR,High Speed Clear Polyester Circle Labels,Sheets,High Speed Clear Polyester Circle Labels on a Sheet,8-1/2 x 11,1-2/3,24,100,Circle,Clear Polyester,,,,,Pack,#N/A
LA,HLL-480-CLR,High Speed Clear Polyester Circle Labels,Sheets,High Speed Clear Polyester Circle Labels on a Sheet,8-1/2 x 11,2-1/2,12,100,Circle,Clear Polyester,,,,,Pack,#N/A
LA,HLL-500,High Speed White Laser Labels,Sheets,High Speed White Laser Labels on a Sheet,8-1/2 x 11,1/2 x 3/4,224,100,Quadrilateral,White,,,,,Pack,#N/A
LA,HLL-501,High Speed White Laser Labels,Sheets,High Speed White Laser Labels on a Sheet,8-1/2 x 11,1/2 x 1,160,100,Quadrilateral,White,,,,,Pack,#N/A
LA,HLL-502,High Speed White Laser Labels,Sheets,High Speed White Laser Labels on a Sheet,8-1/2 x 11,1/2 x 1-3/4,96,100,Quadrilateral,White,,,,,Pack,#N/A
LA,HLL-503,High Speed White Laser Labels,Sheets,High Speed White Laser Labels on a Sheet,8-1/2 x 11,1 x 1,80,100,Quadrilateral,White,,,,,Pack,#N/A
LA,HLL-504,High Speed White Laser Labels,Sheets,High Speed White Laser Labels on a Sheet,8-1/2 x 11,1-1/2 x 1/2,100,100,Quadrilateral,White,,,,,Pack,#N/A
LA,HLL-505,High Speed White Laser Labels,Sheets,High Speed White Laser Labels on a Sheet,8-1/2 x 11,1-1/2 x 1,50,100,Quadrilateral,White,,,,,Pack,#N/A
LA,HLL-506,High Speed White Laser Labels,Sheets,High Speed White Laser Labels on a Sheet,8-1/2 x 11,1-1/2 x 1-1/2,35,100,Quadrilateral,White,,,,,Pack,#N/A
LA,HLL-507,High Speed White Laser Labels,Sheets,High Speed White Laser Labels on a Sheet,8-1/2 x 11,1-1/2 x 4-3/4,10,100,Quadrilateral,White,,,,,Pack,#N/A
LA,HLL-508,High Speed White Laser Labels,Sheets,High Speed White Laser Labels on a Sheet,8-1/2 x 11,1-3/4 x 1/2,80,100,Quadrilateral,White,,,,,Pack,#N/A
LA,HLL-509,High Speed White Laser Labels,Sheets,High Speed White Laser Labels on a Sheet,8-1/2 x 11,1-3/4 x 2/3,60,100,Quadrilateral,White,,,,,Pack,#N/A
LA,HLL-510,High Speed White Laser Labels,Sheets,High Speed White Laser Labels on a Sheet,8-1/2 x 11,2 x 1-1/4,32,100,Quadrilateral,White,,,,,Pack,#N/A
LA,HLL-511,High Speed White Laser Labels,Sheets,High Speed White Laser Labels on a Sheet,8-1/2 x 11,2 x 2,20,100,Quadrilateral,White,,,,,Pack,#N/A
LA,HLL-512,High Speed White Laser Labels,Sheets,High Speed White Laser Labels on a Sheet,8-1/2 x 11,2-5/6 x 1,33,100,Quadrilateral,White,,,,,Pack,#N/A
LA,HLL-513,High Speed White Laser Labels,Sheets,High Speed White Laser Labels on a Sheet,8-1/2 x 11,2-5/6 x 1-3/8,24,100,Quadrilateral,White,,,,,Pack,#N/A
LA,HLL-514,High Speed White Laser Labels,Sheets,High Speed White Laser Labels on a Sheet,8-1/2 x 11,2-5/6 x 1-1/2,21,100,Quadrilateral,White,,,,,Pack,#N/A
LA,HLL-515,High Speed White Laser Labels,Sheets,High Speed White Laser Labels on a Sheet,8-1/2 x 11,2-5/8 x 1,30,100,Quadrilateral,White,,,,,Pack,#N/A
LA,HLL-516,High Speed White Laser Labels,Sheets,High Speed White Laser Labels on a Sheet,8-1/2 x 11,2-3/4 x 2-3/4,9,100,Quadrilateral,White,,,,,Pack,#N/A
LA,HLL-517,High Speed White Laser Labels,Sheets,High Speed White Laser Labels on a Sheet,8-1/2 x 11,3 x 5,4,100,Quadrilateral,White,,,,,Pack,#N/A
LA,HLL-518,High Speed White Laser Labels,Sheets,High Speed White Laser Labels on a Sheet,8-1/2 x 11,3-3/8 x 2-1/3,8,100,Quadrilateral,White,,,,,Pack,#N/A
LA,HLL-519,High Speed White Laser Labels,Sheets,High Speed White Laser Labels on a Sheet,8-1/2 x 11,3-1/2 x 2,10,100,Quadrilateral,White,,,,,Pack,#N/A
LA,HLL-520,High Speed White Laser Labels,Sheets,High Speed White Laser Labels on a Sheet,8-1/2 x 11,3-1/2 x 5,4,100,Quadrilateral,White,,,,,Pack,#N/A
LA,HLL-521,High Speed White Laser Labels,Sheets,High Speed White Laser Labels on a Sheet,8-1/2 x 11,3-7/16 x 2/3,30,100,Quadrilateral,White,,,,,Pack,#N/A
LA,HLL-522,High Speed White Laser Labels,Sheets,High Speed White Laser Labels on a Sheet,8-1/2 x 11,4 x 1,20,100,Quadrilateral,White,,,,,Pack,#N/A
LA,HLL-523,High Speed White Laser Labels,Sheets,High Speed White Laser Labels on a Sheet,8-1/2 x 11,4 x 1-1/3,14,100,Quadrilateral,White,,,,,Pack,#N/A
LA,HLL-524,High Speed White Laser Labels,Sheets,High Speed White Laser Labels on a Sheet,8-1/2 x 11,4 x 1-1/2,12,100,Quadrilateral,White,,,,,Pack,#N/A
LA,HLL-525,High Speed White Laser Labels,Sheets,High Speed White Laser Labels on a Sheet,8-1/2 x 11,4 x 2,10,100,Quadrilateral,White,,,,,Pack,#N/A
LA,HLL-526,High Speed White Laser Labels,Sheets,High Speed White Laser Labels on a Sheet,8-1/2 x 11,4 x 2-1/2,8,100,Quadrilateral,White,,,,,Pack,#N/A
LA,HLL-527,High Speed White Laser Labels,Sheets,High Speed White Laser Labels on a Sheet,8-1/2 x 11,4 x 3,6,100,Quadrilateral,White,,,,,Pack,#N/A
LA,HLL-528,High Speed White Laser Labels,Sheets,High Speed White Laser Labels on a Sheet,8-1/2 x 11,4 x 3-1/3,6,100,Quadrilateral,White,,,,,Pack,#N/A
LA,HLL-529,High Speed White Laser Labels,Sheets,High Speed White Laser Labels on a Sheet,8-1/2 x 11,4 x 4,4,100,Quadrilateral,White,,,,,Pack,#N/A
LA,HLL-530,High Speed White Laser Labels,Sheets,High Speed White Laser Labels on a Sheet,8-1/2 x 11,4 x 5,4,100,Quadrilateral,White,,,,,Pack,#N/A
LA,HLL-531,High Speed White Laser Labels,Sheets,High Speed White Laser Labels on a Sheet,8-1/2 x 14,4 x 6,4,100,Quadrilateral,White,,,,,Pack,#N/A
LA,HLL-532,High Speed White Laser Labels,Sheets,High Speed White Laser Labels on a Sheet,8-1/2 x 11,4-1/4 x 2,10,100,Quadrilateral,White,,,,,Pack,#N/A
LA,HLL-533,High Speed White Laser Labels,Sheets,High Speed White Laser Labels on a Sheet,8-1/2 x 11,4-1/4 x 2-3/4,8,100,Quadrilateral,White,,,,,Pack,#N/A
LA,HLL-534,High Speed White Laser Labels,Sheets,High Speed White Laser Labels on a Sheet,8-1/2 x 11,4-1/4 x 5-1/2,4,100,Quadrilateral,White,,,,,Pack,#N/A
LA,HLL-535,High Speed White Laser Labels,Sheets,High Speed White Laser Labels on a Sheet,8-1/2 x 14,4-1/4 x 7,4,100,Quadrilateral,White,,,,,Pack,#N/A
LA,HLL-536,High Speed White Laser Labels,Sheets,High Speed White Laser Labels on a Sheet,8-1/2 x 14,4-1/4 x 13,2,100,Quadrilateral,White,,,,,Pack,#N/A
LA,HLL-537,High Speed White Laser Labels,Sheets,High Speed White Laser Labels on a Sheet,8-1/2 x 11,7-1/2 x 2,5,100,Quadrilateral,White,,,,,Pack,#N/A
LA,HLL-538,High Speed White Laser Labels,Sheets,High Speed White Laser Labels on a Sheet,8-1/2 x 11,8 x 3-1/2,3,100,Quadrilateral,White,,,,,Pack,#N/A
LA,HLL-539,High Speed White Laser Labels,Sheets,High Speed White Laser Labels on a Sheet,8-1/2 x 11,8-1/2 x 5-1/2,2,100,Quadrilateral,White,,,,,Pack,#N/A
LA,HLL-540,High Speed White Laser Labels,Sheets,High Speed White Laser Labels on a Sheet,8-1/2 x 11,8-1/2 x 11,1,100,Quadrilateral,White,,,,,Pack,#N/A
LA,HLL-541,High Speed White Laser Labels,Sheets,High Speed White Laser Labels on a Sheet,8-1/2 x 14,8-1/2 x 14,1,100,Quadrilateral,White,,,,,Pack,#N/A
LA,HLL-550-BLU,High Speed Fluorescent Colored Laser Labels,Sheets,High Speed Fluorescent Colored Laser Labels on a Sheet,8-1/2 x 11,1-3/4 x 1/2,80,100,Quadrilateral,Fluorescent Blue,,,,,Pack,#N/A
LA,HLL-550-GRN,High Speed Fluorescent Colored Laser Labels,Sheets,High Speed Fluorescent Colored Laser Labels on a Sheet,8-1/2 x 11,1-3/4 x 1/2,80,100,Quadrilateral,Fluorescent Green,,,,,Pack,#N/A
LA,HLL-550-ORG,High Speed Fluorescent Colored Laser Labels,Sheets,High Speed Fluorescent Colored Laser Labels on a Sheet,8-1/2 x 11,1-3/4 x 1/2,80,100,Quadrilateral,Fluorescent Orange,,,,,Pack,#N/A
LA,HLL-550-PNK,High Speed Fluorescent Colored Laser Labels,Sheets,High Speed Fluorescent Colored Laser Labels on a Sheet,8-1/2 x 11,1-3/4 x 1/2,80,100,Quadrilateral,Fluorescent Pink,,,,,Pack,#N/A
LA,HLL-550-RED,High Speed Fluorescent Colored Laser Labels,Sheets,High Speed Fluorescent Colored Laser Labels on a Sheet,8-1/2 x 11,1-3/4 x 1/2,80,100,Quadrilateral,Fluorescent Red,,,,,Pack,#N/A
LA,HLL-550-YEL,High Speed Fluorescent Colored Laser Labels,Sheets,High Speed Fluorescent Colored Laser Labels on a Sheet,8-1/2 x 11,1-3/4 x 1/2,80,100,Quadrilateral,Fluorescent Yellow,,,,,Pack,#N/A
LA,HLL-551-BLU,High Speed Fluorescent Colored Laser Labels,Sheets,High Speed Fluorescent Colored Laser Labels on a Sheet,8-1/2 x 11,1-15/16 x 1/2,80,100,Quadrilateral,Fluorescent Blue,,,,,Pack,#N/A
LA,HLL-551-GRN,High Speed Fluorescent Colored Laser Labels,Sheets,High Speed Fluorescent Colored Laser Labels on a Sheet,8-1/2 x 11,1-15/16 x 1/2,80,100,Quadrilateral,Fluorescent Green,,,,,Pack,#N/A
LA,HLL-551-ORG,High Speed Fluorescent Colored Laser Labels,Sheets,High Speed Fluorescent Colored Laser Labels on a Sheet,8-1/2 x 11,1-15/16 x 1/2,80,100,Quadrilateral,Fluorescent Orange,,,,,Pack,#N/A
LA,HLL-551-PNK,High Speed Fluorescent Colored Laser Labels,Sheets,High Speed Fluorescent Colored Laser Labels on a Sheet,8-1/2 x 11,1-15/16 x 1/2,80,100,Quadrilateral,Fluorescent Pink,,,,,Pack,#N/A
LA,HLL-551-RED,High Speed Fluorescent Colored Laser Labels,Sheets,High Speed Fluorescent Colored Laser Labels on a Sheet,8-1/2 x 11,1-15/16 x 1/2,80,100,Quadrilateral,Fluorescent Red,,,,,Pack,#N/A
LA,HLL-551-YEL,High Speed Fluorescent Colored Laser Labels,Sheets,High Speed Fluorescent Colored Laser Labels on a Sheet,8-1/2 x 11,1-15/16 x 1/2,80,100,Quadrilateral,Fluorescent Yellow,,,,,Pack,#N/A
LA,HLL-552-BLU,High Speed Fluorescent Colored Laser Labels,Sheets,High Speed Fluorescent Colored Laser Labels on a Sheet,8-1/2 x 11,2 x 2,20,100,Quadrilateral,Fluorescent Blue,,,,,Pack,#N/A
LA,HLL-552-GRN,High Speed Fluorescent Colored Laser Labels,Sheets,High Speed Fluorescent Colored Laser Labels on a Sheet,8-1/2 x 11,2 x 2,20,100,Quadrilateral,Fluorescent Green,,,,,Pack,#N/A
LA,HLL-552-ORG,High Speed Fluorescent Colored Laser Labels,Sheets,High Speed Fluorescent Colored Laser Labels on a Sheet,8-1/2 x 11,2 x 2,20,100,Quadrilateral,Fluorescent Orange,,,,,Pack,#N/A
LA,HLL-552-PNK,High Speed Fluorescent Colored Laser Labels,Sheets,High Speed Fluorescent Colored Laser Labels on a Sheet,8-1/2 x 11,2 x 2,20,100,Quadrilateral,Fluorescent Pink,,,,,Pack,#N/A
LA,HLL-552-RED,High Speed Fluorescent Colored Laser Labels,Sheets,High Speed Fluorescent Colored Laser Labels on a Sheet,8-1/2 x 11,2 x 2,20,100,Quadrilateral,Fluorescent Red,,,,,Pack,#N/A
LA,HLL-552-YEL,High Speed Fluorescent Colored Laser Labels,Sheets,High Speed Fluorescent Colored Laser Labels on a Sheet,8-1/2 x 11,2 x 2,20,100,Quadrilateral,Fluorescent Yellow,,,,,Pack,#N/A
LA,HLL-553-BLU,High Speed Fluorescent Colored Laser Labels,Sheets,High Speed Fluorescent Colored Laser Labels on a Sheet,8-1/2 x 11,2-5/8 x 1,30,100,Quadrilateral,Fluorescent Blue,,,,,Pack,#N/A
LA,HLL-553-GRN,High Speed Fluorescent Colored Laser Labels,Sheets,High Speed Fluorescent Colored Laser Labels on a Sheet,8-1/2 x 11,2-5/8 x 1,30,100,Quadrilateral,Fluorescent Green,,,,,Pack,#N/A
LA,HLL-553-ORG,High Speed Fluorescent Colored Laser Labels,Sheets,High Speed Fluorescent Colored Laser Labels on a Sheet,8-1/2 x 11,2-5/8 x 1,30,100,Quadrilateral,Fluorescent Orange,,,,,Pack,#N/A
LA,HLL-553-PNK,High Speed Fluorescent Colored Laser Labels,Sheets,High Speed Fluorescent Colored Laser Labels on a Sheet,8-1/2 x 11,2-5/8 x 1,30,100,Quadrilateral,Fluorescent Pink,,,,,Pack,#N/A
LA,HLL-553-RED,High Speed Fluorescent Colored Laser Labels,Sheets,High Speed Fluorescent Colored Laser Labels on a Sheet,8-1/2 x 11,2-5/8 x 1,30,100,Quadrilateral,Fluorescent Red,,,,,Pack,#N/A
LA,HLL-553-YEL,High Speed Fluorescent Colored Laser Labels,Sheets,High Speed Fluorescent Colored Laser Labels on a Sheet,8-1/2 x 11,2-5/8 x 1,30,100,Quadrilateral,Fluorescent Yellow,,,,,Pack,#N/A
LA,HLL-554-BLU,High Speed Fluorescent Colored Laser Labels,Sheets,High Speed Fluorescent Colored Laser Labels on a Sheet,8-1/2 x 11,3 x 1,20,100,Quadrilateral,Fluorescent Blue,,,,,Pack,#N/A
LA,HLL-554-GRN,High Speed Fluorescent Colored Laser Labels,Sheets,High Speed Fluorescent Colored Laser Labels on a Sheet,8-1/2 x 11,3 x 1,20,100,Quadrilateral,Fluorescent Green,,,,,Pack,#N/A
LA,HLL-554-ORG,High Speed Fluorescent Colored Laser Labels,Sheets,High Speed Fluorescent Colored Laser Labels on a Sheet,8-1/2 x 11,3 x 1,20,100,Quadrilateral,Fluorescent Orange,,,,,Pack,#N/A
LA,HLL-554-PNK,High Speed Fluorescent Colored Laser Labels,Sheets,High Speed Fluorescent Colored Laser Labels on a Sheet,8-1/2 x 11,3 x 1,20,100,Quadrilateral,Fluorescent Pink,,,,,Pack,#N/A
LA,HLL-554-RED,High Speed Fluorescent Colored Laser Labels,Sheets,High Speed Fluorescent Colored Laser Labels on a Sheet,8-1/2 x 11,3 x 1,20,100,Quadrilateral,Fluorescent Red,,,,,Pack,#N/A
LA,HLL-554-YEL,High Speed Fluorescent Colored Laser Labels,Sheets,High Speed Fluorescent Colored Laser Labels on a Sheet,8-1/2 x 11,3 x 1,20,100,Quadrilateral,Fluorescent Yellow,,,,,Pack,#N/A
LA,HLL-555-BLU,High Speed Fluorescent Colored Laser Labels,Sheets,High Speed Fluorescent Colored Laser Labels on a Sheet,8-1/2 x 11,3 x 5,4,100,Quadrilateral,Fluorescent Blue,,,,,Pack,#N/A
LA,HLL-555-GRN,High Speed Fluorescent Colored Laser Labels,Sheets,High Speed Fluorescent Colored Laser Labels on a Sheet,8-1/2 x 11,3 x 5,4,100,Quadrilateral,Fluorescent Green,,,,,Pack,#N/A
LA,HLL-555-ORG,High Speed Fluorescent Colored Laser Labels,Sheets,High Speed Fluorescent Colored Laser Labels on a Sheet,8-1/2 x 11,3 x 5,4,100,Quadrilateral,Fluorescent Orange,,,,,Pack,#N/A
LA,HLL-555-PNK,High Speed Fluorescent Colored Laser Labels,Sheets,High Speed Fluorescent Colored Laser Labels on a Sheet,8-1/2 x 11,3 x 5,4,100,Quadrilateral,Fluorescent Pink,,,,,Pack,#N/A
LA,HLL-555-RED,High Speed Fluorescent Colored Laser Labels,Sheets,High Speed Fluorescent Colored Laser Labels on a Sheet,8-1/2 x 11,3 x 5,4,100,Quadrilateral,Fluorescent Red,,,,,Pack,#N/A
LA,HLL-555-YEL,High Speed Fluorescent Colored Laser Labels,Sheets,High Speed Fluorescent Colored Laser Labels on a Sheet,8-1/2 x 11,3 x 5,4,100,Quadrilateral,Fluorescent Yellow,,,,,Pack,#N/A
LA,HLL-556-BLU,High Speed Fluorescent Colored Laser Labels,Sheets,High Speed Fluorescent Colored Laser Labels on a Sheet,8-1/2 x 11,3-1/2 x 5,4,100,Quadrilateral,Fluorescent Blue,,,,,Pack,#N/A
LA,HLL-556-GRN,High Speed Fluorescent Colored Laser Labels,Sheets,High Speed Fluorescent Colored Laser Labels on a Sheet,8-1/2 x 11,3-1/2 x 5,4,100,Quadrilateral,Fluorescent Green,,,,,Pack,#N/A
LA,HLL-556-ORG,High Speed Fluorescent Colored Laser Labels,Sheets,High Speed Fluorescent Colored Laser Labels on a Sheet,8-1/2 x 11,3-1/2 x 5,4,100,Quadrilateral,Fluorescent Orange,,,,,Pack,#N/A
LA,HLL-556-PNK,High Speed Fluorescent Colored Laser Labels,Sheets,High Speed Fluorescent Colored Laser Labels on a Sheet,8-1/2 x 11,3-1/2 x 5,4,100,Quadrilateral,Fluorescent Pink,,,,,Pack,#N/A
LA,HLL-556-RED,High Speed Fluorescent Colored Laser Labels,Sheets,High Speed Fluorescent Colored Laser Labels on a Sheet,8-1/2 x 11,3-1/2 x 5,4,100,Quadrilateral,Fluorescent Red,,,,,Pack,#N/A
LA,HLL-556-YEL,High Speed Fluorescent Colored Laser Labels,Sheets,High Speed Fluorescent Colored Laser Labels on a Sheet,8-1/2 x 11,3-1/2 x 5,4,100,Quadrilateral,Fluorescent Yellow,,,,,Pack,#N/A
LA,HLL-557-BLU,High Speed Fluorescent Colored Laser Labels,Sheets,High Speed Fluorescent Colored Laser Labels on a Sheet,8-1/2 x 11,4 x 1,20,100,Quadrilateral,Fluorescent Blue,,,,,Pack,#N/A
LA,HLL-557-GRN,High Speed Fluorescent Colored Laser Labels,Sheets,High Speed Fluorescent Colored Laser Labels on a Sheet,8-1/2 x 11,4 x 1,20,100,Quadrilateral,Fluorescent Green,,,,,Pack,#N/A
LA,HLL-557-ORG,High Speed Fluorescent Colored Laser Labels,Sheets,High Speed Fluorescent Colored Laser Labels on a Sheet,8-1/2 x 11,4 x 1,20,100,Quadrilateral,Fluorescent Orange,,,,,Pack,#N/A
LA,HLL-557-PNK,High Speed Fluorescent Colored Laser Labels,Sheets,High Speed Fluorescent Colored Laser Labels on a Sheet,8-1/2 x 11,4 x 1,20,100,Quadrilateral,Fluorescent Pink,,,,,Pack,#N/A
LA,HLL-557-RED,High Speed Fluorescent Colored Laser Labels,Sheets,High Speed Fluorescent Colored Laser Labels on a Sheet,8-1/2 x 11,4 x 1,20,100,Quadrilateral,Fluorescent Red,,,,,Pack,#N/A
LA,HLL-557-YEL,High Speed Fluorescent Colored Laser Labels,Sheets,High Speed Fluorescent Colored Laser Labels on a Sheet,8-1/2 x 11,4 x 1,20,100,Quadrilateral,Fluorescent Yellow,,,,,Pack,#N/A
LA,HLL-558-BLU,High Speed Fluorescent Colored Laser Labels,Sheets,High Speed Fluorescent Colored Laser Labels on a Sheet,8-1/2 x 11,4 x 2,10,100,Quadrilateral,Fluorescent Blue,,,,,Pack,#N/A
LA,HLL-558-GRN,High Speed Fluorescent Colored Laser Labels,Sheets,High Speed Fluorescent Colored Laser Labels on a Sheet,8-1/2 x 11,4 x 2,10,100,Quadrilateral,Fluorescent Green,,,,,Pack,#N/A
LA,HLL-558-ORG,High Speed Fluorescent Colored Laser Labels,Sheets,High Speed Fluorescent Colored Laser Labels on a Sheet,8-1/2 x 11,4 x 2,10,100,Quadrilateral,Fluorescent Orange,,,,,Pack,#N/A
LA,HLL-558-PNK,High Speed Fluorescent Colored Laser Labels,Sheets,High Speed Fluorescent Colored Laser Labels on a Sheet,8-1/2 x 11,4 x 2,10,100,Quadrilateral,Fluorescent Pink,,,,,Pack,#N/A
LA,HLL-558-RED,High Speed Fluorescent Colored Laser Labels,Sheets,High Speed Fluorescent Colored Laser Labels on a Sheet,8-1/2 x 11,4 x 2,10,100,Quadrilateral,Fluorescent Red,,,,,Pack,#N/A
LA,HLL-558-YEL,High Speed Fluorescent Colored Laser Labels,Sheets,High Speed Fluorescent Colored Laser Labels on a Sheet,8-1/2 x 11,4 x 2,10,100,Quadrilateral,Fluorescent Yellow,,,,,Pack,#N/A
LA,HLL-559-BLU,High Speed Fluorescent Colored Laser Labels,Sheets,High Speed Fluorescent Colored Laser Labels on a Sheet,8-1/2 x 11,4 x 2-1/2,8,100,Quadrilateral,Fluorescent Blue,,,,,Pack,#N/A
LA,HLL-559-GRN,High Speed Fluorescent Colored Laser Labels,Sheets,High Speed Fluorescent Colored Laser Labels on a Sheet,8-1/2 x 11,4 x 2-1/2,8,100,Quadrilateral,Fluorescent Green,,,,,Pack,#N/A
LA,HLL-559-ORG,High Speed Fluorescent Colored Laser Labels,Sheets,High Speed Fluorescent Colored Laser Labels on a Sheet,8-1/2 x 11,4 x 2-1/2,8,100,Quadrilateral,Fluorescent Orange,,,,,Pack,#N/A
LA,HLL-559-PNK,High Speed Fluorescent Colored Laser Labels,Sheets,High Speed Fluorescent Colored Laser Labels on a Sheet,8-1/2 x 11,4 x 2-1/2,8,100,Quadrilateral,Fluorescent Pink,,,,,Pack,#N/A
LA,HLL-559-RED,High Speed Fluorescent Colored Laser Labels,Sheets,High Speed Fluorescent Colored Laser Labels on a Sheet,8-1/2 x 11,4 x 2-1/2,8,100,Quadrilateral,Fluorescent Red,,,,,Pack,#N/A
LA,HLL-559-YEL,High Speed Fluorescent Colored Laser Labels,Sheets,High Speed Fluorescent Colored Laser Labels on a Sheet,8-1/2 x 11,4 x 2-1/2,8,100,Quadrilateral,Fluorescent Yellow,,,,,Pack,#N/A
LA,HLL-560-BLU,High Speed Fluorescent Colored Laser Labels,Sheets,High Speed Fluorescent Colored Laser Labels on a Sheet,8-1/2 x 11,4 x 3-1/3,6,100,Quadrilateral,Fluorescent Blue,,,,,Pack,#N/A
LA,HLL-560-GRN,High Speed Fluorescent Colored Laser Labels,Sheets,High Speed Fluorescent Colored Laser Labels on a Sheet,8-1/2 x 11,4 x 3-1/3,6,100,Quadrilateral,Fluorescent Green,,,,,Pack,#N/A
LA,HLL-560-ORG,High Speed Fluorescent Colored Laser Labels,Sheets,High Speed Fluorescent Colored Laser Labels on a Sheet,8-1/2 x 11,4 x 3-1/3,6,100,Quadrilateral,Fluorescent Orange,,,,,Pack,#N/A
LA,HLL-560-PNK,High Speed Fluorescent Colored Laser Labels,Sheets,High Speed Fluorescent Colored Laser Labels on a Sheet,8-1/2 x 11,4 x 3-1/3,6,100,Quadrilateral,Fluorescent Pink,,,,,Pack,#N/A
LA,HLL-560-RED,High Speed Fluorescent Colored Laser Labels,Sheets,High Speed Fluorescent Colored Laser Labels on a Sheet,8-1/2 x 11,4 x 3-1/3,6,100,Quadrilateral,Fluorescent Red,,,,,Pack,#N/A
LA,HLL-560-YEL,High Speed Fluorescent Colored Laser Labels,Sheets,High Speed Fluorescent Colored Laser Labels on a Sheet,8-1/2 x 11,4 x 3-1/3,6,100,Quadrilateral,Fluorescent Yellow,,,,,Pack,#N/A
LA,HLL-561-BLU,High Speed Fluorescent Colored Laser Labels,Sheets,High Speed Fluorescent Colored Laser Labels on a Sheet,8-1/2 x 11,4 x 5,4,100,Quadrilateral,Fluorescent Blue,,,,,Pack,#N/A
LA,HLL-561-GRN,High Speed Fluorescent Colored Laser Labels,Sheets,High Speed Fluorescent Colored Laser Labels on a Sheet,8-1/2 x 11,4 x 5,4,100,Quadrilateral,Fluorescent Green,,,,,Pack,#N/A
LA,HLL-561-ORG,High Speed Fluorescent Colored Laser Labels,Sheets,High Speed Fluorescent Colored Laser Labels on a Sheet,8-1/2 x 11,4 x 5,4,100,Quadrilateral,Fluorescent Orange,,,,,Pack,#N/A
LA,HLL-561-PNK,High Speed Fluorescent Colored Laser Labels,Sheets,High Speed Fluorescent Colored Laser Labels on a Sheet,8-1/2 x 11,4 x 5,4,100,Quadrilateral,Fluorescent Pink,,,,,Pack,#N/A
LA,HLL-561-RED,High Speed Fluorescent Colored Laser Labels,Sheets,High Speed Fluorescent Colored Laser Labels on a Sheet,8-1/2 x 11,4 x 5,4,100,Quadrilateral,Fluorescent Red,,,,,Pack,#N/A
LA,HLL-561-YEL,High Speed Fluorescent Colored Laser Labels,Sheets,High Speed Fluorescent Colored Laser Labels on a Sheet,8-1/2 x 11,4 x 5,4,100,Quadrilateral,Fluorescent Yellow,,,,,Pack,#N/A
LA,HLL-562-BLU,High Speed Fluorescent Colored Laser Labels,Sheets,High Speed Fluorescent Colored Laser Labels on a Sheet,8-1/2 x 14,4 x 6,4,100,Quadrilateral,Fluorescent Blue,,,,,Pack,#N/A
LA,HLL-562-GRN,High Speed Fluorescent Colored Laser Labels,Sheets,High Speed Fluorescent Colored Laser Labels on a Sheet,8-1/2 x 14,4 x 6,4,100,Quadrilateral,Fluorescent Green,,,,,Pack,#N/A
LA,HLL-562-ORG,High Speed Fluorescent Colored Laser Labels,Sheets,High Speed Fluorescent Colored Laser Labels on a Sheet,8-1/2 x 14,4 x 6,4,100,Quadrilateral,Fluorescent Orange,,,,,Pack,#N/A
LA,HLL-562-PNK,High Speed Fluorescent Colored Laser Labels,Sheets,High Speed Fluorescent Colored Laser Labels on a Sheet,8-1/2 x 14,4 x 6,4,100,Quadrilateral,Fluorescent Pink,,,,,Pack,#N/A
LA,HLL-562-RED,High Speed Fluorescent Colored Laser Labels,Sheets,High Speed Fluorescent Colored Laser Labels on a Sheet,8-1/2 x 14,4 x 6,4,100,Quadrilateral,Fluorescent Red,,,,,Pack,#N/A
LA,HLL-562-YEL,High Speed Fluorescent Colored Laser Labels,Sheets,High Speed Fluorescent Colored Laser Labels on a Sheet,8-1/2 x 14,4 x 6,4,100,Quadrilateral,Fluorescent Yellow,,,,,Pack,#N/A
LA,HLL-563-BLU,High Speed Fluorescent Colored Laser Labels,Sheets,High Speed Fluorescent Colored Laser Labels on a Sheet,8-1/2 x 11,4-1/4 x 5-1/2,4,100,Quadrilateral,Fluorescent Blue,,,,,Pack,#N/A
LA,HLL-563-GRN,High Speed Fluorescent Colored Laser Labels,Sheets,High Speed Fluorescent Colored Laser Labels on a Sheet,8-1/2 x 11,4-1/4 x 5-1/2,4,100,Quadrilateral,Fluorescent Green,,,,,Pack,#N/A
LA,HLL-563-ORG,High Speed Fluorescent Colored Laser Labels,Sheets,High Speed Fluorescent Colored Laser Labels on a Sheet,8-1/2 x 11,4-1/4 x 5-1/2,4,100,Quadrilateral,Fluorescent Orange,,,,,Pack,#N/A
LA,HLL-563-PNK,High Speed Fluorescent Colored Laser Labels,Sheets,High Speed Fluorescent Colored Laser Labels on a Sheet,8-1/2 x 11,4-1/4 x 5-1/2,4,100,Quadrilateral,Fluorescent Pink,,,,,Pack,#N/A
LA,HLL-563-RED,High Speed Fluorescent Colored Laser Labels,Sheets,High Speed Fluorescent Colored Laser Labels on a Sheet,8-1/2 x 11,4-1/4 x 5-1/2,4,100,Quadrilateral,Fluorescent Red,,,,,Pack,#N/A
LA,HLL-563-YEL,High Speed Fluorescent Colored Laser Labels,Sheets,High Speed Fluorescent Colored Laser Labels on a Sheet,8-1/2 x 11,4-1/4 x 5-1/2,4,100,Quadrilateral,Fluorescent Yellow,,,,,Pack,#N/A
LA,HLL-564-BLU,High Speed Fluorescent Colored Laser Labels,Sheets,High Speed Fluorescent Colored Laser Labels on a Sheet,8-1/2 x 11,8-1/2 x 5-1/2,2,100,Quadrilateral,Fluorescent Blue,,,,,Pack,#N/A
LA,HLL-564-GRN,High Speed Fluorescent Colored Laser Labels,Sheets,High Speed Fluorescent Colored Laser Labels on a Sheet,8-1/2 x 11,8-1/2 x 5-1/2,2,100,Quadrilateral,Fluorescent Green,,,,,Pack,#N/A
LA,HLL-564-ORG,High Speed Fluorescent Colored Laser Labels,Sheets,High Speed Fluorescent Colored Laser Labels on a Sheet,8-1/2 x 11,8-1/2 x 5-1/2,2,100,Quadrilateral,Fluorescent Orange,,,,,Pack,#N/A
LA,HLL-564-PNK,High Speed Fluorescent Colored Laser Labels,Sheets,High Speed Fluorescent Colored Laser Labels on a Sheet,8-1/2 x 11,8-1/2 x 5-1/2,2,100,Quadrilateral,Fluorescent Pink,,,,,Pack,#N/A
LA,HLL-564-RED,High Speed Fluorescent Colored Laser Labels,Sheets,High Speed Fluorescent Colored Laser Labels on a Sheet,8-1/2 x 11,8-1/2 x 5-1/2,2,100,Quadrilateral,Fluorescent Red,,,,,Pack,#N/A
LA,HLL-564-YEL,High Speed Fluorescent Colored Laser Labels,Sheets,High Speed Fluorescent Colored Laser Labels on a Sheet,8-1/2 x 11,8-1/2 x 5-1/2,2,100,Quadrilateral,Fluorescent Yellow,,,,,Pack,#N/A
LA,HLL-565-BLU,High Speed Fluorescent Colored Laser Labels,Sheets,High Speed Fluorescent Colored Laser Labels on a Sheet,8-1/2 x 11,8-1/2 x 11,1,100,Quadrilateral,Fluorescent Blue,,,,,Pack,#N/A
LA,HLL-565-GRN,High Speed Fluorescent Colored Laser Labels,Sheets,High Speed Fluorescent Colored Laser Labels on a Sheet,8-1/2 x 11,8-1/2 x 11,1,100,Quadrilateral,Fluorescent Green,,,,,Pack,#N/A
LA,HLL-565-ORG,High Speed Fluorescent Colored Laser Labels,Sheets,High Speed Fluorescent Colored Laser Labels on a Sheet,8-1/2 x 11,8-1/2 x 11,1,100,Quadrilateral,Fluorescent Orange,,,,,Pack,#N/A
LA,HLL-565-PNK,High Speed Fluorescent Colored Laser Labels,Sheets,High Speed Fluorescent Colored Laser Labels on a Sheet,8-1/2 x 11,8-1/2 x 11,1,100,Quadrilateral,Fluorescent Pink,,,,,Pack,#N/A
LA,HLL-565-RED,High Speed Fluorescent Colored Laser Labels,Sheets,High Speed Fluorescent Colored Laser Labels on a Sheet,8-1/2 x 11,8-1/2 x 11,1,100,Quadrilateral,Fluorescent Red,,,,,Pack,#N/A
LA,HLL-565-YEL,High Speed Fluorescent Colored Laser Labels,Sheets,High Speed Fluorescent Colored Laser Labels on a Sheet,8-1/2 x 11,8-1/2 x 11,1,100,Quadrilateral,Fluorescent Yellow,,,,,Pack,#N/A
LA,HLL-590-CLR,High Speed Clear Polyester Laser Labels,Sheets,High Speed Clear Polyester Laser Labels on a Sheet - Inkjet,8-1/2 x 11,1-3/4 in. x 1/2,80,100,Quadrilateral,Clear Polyester,,,,,Pack,#N/A
LA,HLL-591-CLR,High Speed Clear Polyester Laser Labels,Sheets,High Speed Clear Polyester Laser Labels on a Sheet - Inkjet,8-1/2 x 11,2-5/8 x 1,30,100,Quadrilateral,Clear Polyester,,,,,Pack,#N/A
LA,HLL-592-CLR,High Speed Clear Polyester Laser Labels,Sheets,High Speed Clear Polyester Laser Labels on a Sheet - Inkjet,8-1/2 x 11,4 x 1-1/3,14,100,Quadrilateral,Clear Polyester,,,,,Pack,#N/A
LA,HLL-593-CLR,High Speed Clear Polyester Laser Labels,Sheets,High Speed Clear Polyester Laser Labels on a Sheet - Inkjet,8-1/2 x 11,4 x 2,10,100,Quadrilateral,Clear Polyester,,,,,Pack,#N/A
LA,HLL-594-CLR,High Speed Clear Polyester Laser Labels,Sheets,High Speed Clear Polyester Laser Labels on a Sheet - Inkjet,8-1/2 x 11,8-1/2 x 11,1,100,Quadrilateral,Clear Polyester,,,,,Pack,#N/A
LA,HLL-608,High Speed White Laser Labels,Sheets,High Speed White Laser Labels on a Sheet,8-1/2 x 11,1-3/4 in. x 1/2,30,1000,Quadrilateral,White,,,,,Pack,#N/A
LA,HLL-609,High Speed White Laser Labels,Sheets,High Speed White Laser Labels on a Sheet,8-1/2 x 11,1-3/4 x 2/3,30,1000,Quadrilateral,White,,,,,Pack,#N/A
LA,HLL-612,High Speed White Laser Labels,Sheets,High Speed White Laser Labels on a Sheet,8-1/2 x 11,2-5/6 x 1,33,1000,Quadrilateral,White,,,,,Pack,#N/A
LA,HLL-613,High Speed White Laser Labels,Sheets,High Speed White Laser Labels on a Sheet,8-1/2 x 11,2-5/6 x 1-3/8,24,1000,Quadrilateral,White,,,,,Pack,#N/A
LA,HLL-615,High Speed White Laser Labels,Sheets,High Speed White Laser Labels on a Sheet,8-1/2 x 11,2-5/8 x 1,30,1000,Quadrilateral,White,,,,,Pack,#N/A
LA,HLL-622,High Speed White Laser Labels,Sheets,High Speed White Laser Labels on a Sheet,8-1/2 x 11,4 x 1,20,1000,Quadrilateral,White,,,,,Pack,#N/A
LA,HLL-624,High Speed White Laser Labels,Sheets,High Speed White Laser Labels on a Sheet,8-1/2 x 11,4 x 1-1/2,12,1000,Quadrilateral,White,,,,,Pack,#N/A
LA,HLL-625,High Speed White Laser Labels,Sheets,High Speed White Laser Labels on a Sheet,8-1/2 x 11,4 x 2,10,1000,Quadrilateral,White,,,,,Pack,#N/A
LA,HLL-628,High Speed White Laser Labels,Sheets,High Speed White Laser Labels on a Sheet,8-1/2 x 11,4 x 3-1/3,6,1000,Quadrilateral,White,,,,,Pack,#N/A
LA,HLL-630,High Speed White Laser Labels,Sheets,High Speed White Laser Labels on a Sheet,8-1/2 x 11,4 x 5,4,1000,Quadrilateral,White,,,,,Pack,#N/A
LA,HLL-631,High Speed White Laser Labels,Sheets,High Speed White Laser Labels on a Sheet,8-1/2 x 14,4 x 6,4,1000,Quadrilateral,White,,,,,Pack,#N/A
LA,HLL-632,High Speed White Laser Labels,Sheets,High Speed White Laser Labels on a Sheet,8-1/2 x 11,4-1/4 x 2,10,1000,Quadrilateral,White,,,,,Pack,#N/A
LA,HLL-633,High Speed White Laser Labels,Sheets,High Speed White Laser Labels on a Sheet,8-1/2 x 11,4-1/4 x 2-3/4,8,1000,Quadrilateral,White,,,,,Pack,#N/A
LA,HLL-634,High Speed White Laser Labels,Sheets,High Speed White Laser Labels on a Sheet,8-1/2 x 11,4-1/4 x 5-1/2,4,1000,Quadrilateral,White,,,,,Pack,#N/A
LA,HLL-638,High Speed White Laser Labels,Sheets,High Speed White Laser Labels on a Sheet,8-1/2 x 11,8 x 3-1/2,3,1000,Quadrilateral,White,,,,,Pack,#N/A
LA,HLL-639,High Speed White Laser Labels,Sheets,High Speed White Laser Labels on a Sheet,8-1/2 x 11,8-1/2 x 5-1/2,2,1000,Quadrilateral,White,,,,,Pack,#N/A
LA,HLL-640,High Speed White Laser Labels,Sheets,High Speed White Laser Labels on a Sheet,8-1/2 x 11,8-1/2 x 11,1,1000,Quadrilateral,White,,,,,Pack,#N/A
